Feature,Importance,Contribution Range,Contribution Change (Linear Regression),Contbituion Change (Quantile Regression),Feature,Importance,Contribution Range,Contribution Change (Linear Regression),Contbituion Change (Quantile Regression)
DQ11. 귀하가 현재 소속되어 있는 직장의 규모는 어느 정도입니까? (사업장^ 상시근로자 기준),0.2659194519478135,0.6284406516829137,14.349463906598277,1.7196255830313096,DQ10. 귀하는 현재 어떤 직업에 종사하고 계십니까?_10.0,0.0010514429548657796,,-1.2002805464767774,-1.2002805464767774
문G1-3) 지난 한 해 동안 동아리에서 활동한 적이 있습니까? 있다면^ 몇 회 정도 참여하셨습니까?__참여횟수,0.14953442828019803,0.3050265575475111,3.4153958847991674,1.9832330745285671,DQ12. 귀하의 현재 직장에서의 근무기간은 얼마나 되십니까?__개월,0.06249671201884378,0.12933146145799598,-0.8373351393850259,-0.06150741548979116
문H1) 귀하께서는 전반적으로 현재의 생활에 얼마나 만족하십니까?,0.1637010425060758,0.3382583015991227,1.390383794940348,-0.009725780543220574,DQ10. 귀하는 현재 어떤 직업에 종사하고 계십니까?_5.0,0.11760957640126758,0.4348683502689842,-0.43981368946687377,-0.43981368946687377
DQ1. 귀하의 최종 학력은 어떻게 되십니까?__학교급,0.22094450139413488,0.4424964036177853,1.194607887819492,0.16073423266591552,Year,0.15689606127869474,0.3276500994344287,-0.4221736686904899,0.0
문D1) 귀하께서는 작년에 평생교육 프로그램 관련 정보를 접한 적이 있습니까?,0.4621469314610041,1.0160685418337403,1.0160685418337392,1.0160685418337392,취약계층,0.09412208754542531,0.19031748612230104,-0.33858962472713383,-0.17820720222483266
학습 지향 평균,0.12002687852333363,0.23201120240670167,0.8595888766299763,0.5362642071081163,DQ10. 귀하는 현재 어떤 직업에 종사하고 계십니까?_9.0,0.020237633011041856,0.22734151151540427,-0.2785119638009855,-0.2785119638009855
문H2-1) 평생학습 참여가 삶의 질 향상에 얼마나 도움^ 아직 경험이 없다면 삶의 질 향상에 얼마나 도움이 될 것인지 생각하십니까?__1) 정신적 건강(정서적 안정감),0.10289356178322069,0.2401129941320761,0.6135278627143721,0.0,월 가구소득,0.05311833282575777,0.1091895731088197,-0.27073128513753314,0.0
문C1) 앞으로 참여하길 희망하는 프로그램은 무엇입니까? (중복응답)1,0.22811713995761865,0.45234129624804514,0.4859526498596992,-1.0711597487326028,DQ1. 귀하의 최종 학력은 어떻게 되십니까?__상태구분_2.0,0.006379265123240064,0.019507300387955805,-0.24536084025866498,-0.24536084025866498
직업관련 목표지향 평균,0.07945259483126571,0.1614082165155944,0.460642750948518,-0.006322220432535909,문C2) 귀하께서는 작년(교육이나 학습 프로그램의 참여여부와 관계없이)에 참여하고 싶었지만 참여하지 못했던 평생교육 프로그램이 있었습니까?,0.08745003551801,0.2231381248259278,-0.2312119931282861,-0.2312119931282861
무형식학습 (암묵적 학습) 참여,0.2250895817699525,0.4511444589690915,0.45084321453558784,0.45084321453558784,문E1-1) 자신의 학습패턴에 관하여 어느 정도 동의하시는지 동의 정도를 말씀해주시기 바랍니다.__나는 책이나 판서 수업 중심으로 공부하는 것이 익숙하고 잘된다.,0.058597305901371084,0.11863649440170931,-0.22657809930345504,0.0
DQ12. 귀하의 현재 직장에서의 근무기간은 얼마나 되십니까?__년,0.07065113539663241,0.13937628078955153,0.4157988167232171,0.3846238440658094,DQ6. 귀하께서는 건강에 자신 있습니까?_3,0.041657204703463555,0.18448851971210334,-0.22436416447052746,-0.22436416447052746
문E1-4) 자신의 학습패턴에 관하여 어느 정도 동의하시는지 동의 정도를 말씀해주시기 바랍니다.__나는 다른 사람들과 함께 공부 하는 것이 좋다.,0.09253718941169056,0.1870757540153433,0.39356949785753426,0.0,DQ6. 귀하께서는 건강에 자신 있습니까?_4,0.007849115950482115,0.13674613163168378,-0.2063576148280016,-0.2063576148280016
만 연령,0.12256737905741363,0.2576124419462944,0.2774064891880501,0.4086000679979028,DQ1. 귀하의 최종 학력은 어떻게 되십니까?__상태구분_1.0,0.00444324860329085,0.028163682784273794,-0.2046006199119408,-0.2046006199119408
성별,0.12639760903758107,0.2530326531211198,0.24926485462802592,0.24926485462802592,DQ3. 귀하께서는 함께 동거하는 가족이 있습니까?,0.021692550880477963,0.14738889589707507,-0.15297720609279594,-0.15297720609279594
DQ10. 귀하는 현재 어떤 직업에 종사하고 계십니까?_2.0,0.009479887795592222,0.07785304629316532,0.24076107731845942,0.24076107731845942,DQ1. 귀하의 최종 학력은 어떻게 되십니까?__상태구분_4.0,7.028822371890633e-05,0.20801172610314098,-0.12977414957433536,-0.12977414957433536
경활상태,0.07845411666645288,0.231876079013685,0.2352744007747815,0.2352744007747815,문H2-1) 평생학습 참여가 삶의 질 향상에 얼마나 도움^ 아직 경험이 없다면 삶의 질 향상에 얼마나 도움이 될 것인지 생각하십니까?__3) 사회참여 만족도,0.05662439756371025,0.12571837046222517,-0.11017197182810964,0.0
문F1-4) 다음 학습 관련 질문에 어느 정도 동의하시는지 동의 정도를 말씀해주시기 바랍니다.__직장에서 필요로 하는 기술을 학교에서는 배울 수 없다.,0.06576465997875564,0.1316506858556996,0.22947969854535993,0.0,문H2-1) 평생학습 참여가 삶의 질 향상에 얼마나 도움^ 아직 경험이 없다면 삶의 질 향상에 얼마나 도움이 될 것인지 생각하십니까?__2) 육체적 건강,0.06116868484253667,0.13288165519476378,-0.1037528903560136,0.0
DQ7. 귀하의 주된 소득원천은 무엇입니까?_5,0.006843945978128834,0.01664466486884753,0.1789543828372964,0.1789543828372964,DQ7. 귀하의 주된 소득원천은 무엇입니까?_2,0.0006597387176789668,0.16571706737854613,-0.09714800143121144,-0.09714800143121144
문C1) 앞으로 참여하길 희망하는 프로그램은 무엇입니까? (3)직업능력향상교육,0.0389684668941493,0.12497087153558048,0.1631703875799399,0.1631703875799399,DQ2. 귀하께서는 자녀가 있으십니까? 있다면^ 귀하의 막내자녀는 현재 어떤 상태입니까?,0.06600799546494517,0.1326510603140082,-0.08423926548582589,-0.22307096861153963
문C1) 앞으로 참여하길 희망하는 프로그램은 무엇입니까? (1)학위취득을위한교육,0.0047504721689068784,0.008858723012797613,0.14003655594100853,0.14003655594100853,DQ10. 귀하는 현재 어떤 직업에 종사하고 계십니까?_6.0,0.006123960675933195,0.020912923977850044,-0.08156760347118895,-0.08156760347118895
DQ5. 귀하께서는 취학 전의 손자·손녀가 있습니까? (동거여부 무관),0.025656061507111062,0.11692272667356032,0.13333991983289273,0.13333991983289273,DQ7. 귀하의 주된 소득원천은 무엇입니까?_3,0.024014673434077292,0.05515114375708456,-0.05221691381785341,-0.05221691381785341
문E1-2) 자신의 학습패턴에 관하여 어느 정도 동의하시는지 동의 정도를 말씀해주시기 바랍니다.__나는 인터넷강의 또는 컴퓨터(전자책^ 태블릿 PC^스마트폰)를 활용한 학습이 익숙하고 잘된다.,0.06308791600511796,0.13072903074510092,0.11918124667711277,0.0,DQ10. 귀하는 현재 어떤 직업에 종사하고 계십니까?_1.0,0.0032596150493864745,0.006487577274568475,-0.04498070504651536,-0.04498070504651536
문C1) 앞으로 참여하길 희망하는 프로그램은 무엇입니까? (2)성인기초및문해교육,0.00016224337178442886,,0.11906345726522252,0.11906345726522252,연령별(1),0.033892336794029504,0.07099211147842979,-0.02394084182554733,0.0
DQ6. 귀하께서는 건강에 자신 있습니까?_1,0.03710616294234596,0.07604483244528087,0.07495698632773048,0.07495698632773048,DQ1. 귀하의 최종 학력은 어떻게 되십니까?__상태구분_5.0,0.010384014270926662,0.021204768483600887,-0.010971714257896914,-0.010971714257896914
DQ1. 귀하의 최종 학력은 어떻게 되십니까?__상태구분_3.0,0.024739304505612954,0.07211631941296505,0.07472112938186365,0.07472112938186365,DQ4. 귀하께서는 부양할 가족이 있습니까? (동거여부 무관),0.02317773651596315,0.04637766229128758,-0.008060574498032557,-0.008060574498032557
무형식학습(온라인) 참여,0.041569455019128836,0.08519117718461225,0.07423616687906821,0.07423616687906821,,,,,
DQ6. 귀하께서는 건강에 자신 있습니까?_2,0.03638953148395383,0.0729496700202982,0.06353393107052686,0.06353393107052686,,,,,
DQ1. 귀하의 최종 학력은 어떻게 되십니까?__상태구분_0.0,0.00035626534659017326,,0.06100450284778879,0.06100450284778879,,,,,
DQ10. 귀하는 현재 어떤 직업에 종사하고 계십니까?_4.0,0.028942325631970797,0.05985350683331329,0.059944111692778024,0.059944111692778024,,,,,
지역규모별,0.039154835970845514,0.07840699895851622,0.057133920695685715,0.0513784555189674,,,,,
DQ3. 몇 명과 함께 지내고 있습니까?__명,0.04592483901429852,0.09354828847770796,0.0538784969903507,0.0,,,,,
문H2-1) 평생학습 참여가 삶의 질 향상에 얼마나 도움^ 아직 경험이 없다면 삶의 질 향상에 얼마나 도움이 될 것인지 생각하십니까?__4) 경제적 안정감,0.06234712032974603,0.125505043477903,0.049897055410397385,0.0,,,,,
DQ10. 귀하는 현재 어떤 직업에 종사하고 계십니까?_7.0,0.012248596282444086,0.02538173058984198,0.046901689545693674,0.046901689545693674,,,,,
사회참여,0.024152483976243144,0.04849747002322318,0.037889874584857285,0.037889874584857285,,,,,
DQ7. 귀하의 주된 소득원천은 무엇입니까?_4,0.0057715752371850625,0.012494403010550988,0.03653551222691284,0.03653551222691284,,,,,
DQ10. 귀하는 현재 어떤 직업에 종사하고 계십니까?_3.0,0.022763830497613807,0.04655565774297305,0.03425652373327779,0.03425652373327779,,,,,
DQ9. 귀하의 현재 고용형태는 어떻게 되십니까?_1.0,0.023379483003759666,0.04734345243435276,0.03294110447961409,0.03294110447961409,,,,,
DQ1. 귀하의 최종 학력은 어떻게 되십니까?__상태구분_9.0,0.0003983324577696317,0.26544711985498703,0.02683230945164582,0.02683230945164582,,,,,
DQ10. 귀하는 현재 어떤 직업에 종사하고 계십니까?_8.0,0.0054064010725077966,0.01175388181489724,0.02488991359353584,0.02488991359353584,,,,,
DQ9. 귀하의 현재 고용형태는 어떻게 되십니까?_2.0,0.014668015015339911,0.02961738978915776,0.017951208897196782,0.017951208897196782,,,,,
문C1) 앞으로 참여하길 희망하는 프로그램은 무엇입니까? (4)인문교양교육,0.009155883068087022,0.018127696707812377,0.015290615166722183,0.015290615166722183,,,,,
DQ7. 귀하의 주된 소득원천은 무엇입니까?_1,0.019330593084406784,0.03946462834523479,0.01410317040869717,0.01410317040869717,,,,,
형식교육 참여자,0.0010073464471605782,0.1365465433132742,0.012379388641055694,0.012379388641055694,,,,,
무형식학습(의존형) 참여,0.020508394427380953,0.041223191992643626,0.010534947185022712,0.010534947185022712,,,,,
문E1-3) 자신의 학습패턴에 관하여 어느 정도 동의하시는지 동의 정도를 말씀해주시기 바랍니다.__나는 혼자서 공부하는 것이 익숙하고 좋다.,0.04467103884421854,0.09024575522976003,0.008102021318703865,0.0,,,,,
